{"cameraMode":{"drawMode":0,"name":"Shaded","section":"Shading Mode"},"sceneLighting":true,"audioPlay":false,"sceneViewState":{"m_AlwaysRefresh":false,"showFog":true,"showSkybox":true,"showFlares":true,"showImageEffects":true,"showParticleSystems":true,"showVisualEffectGraphs":true,"m_FxEnabled":true},"in2DMode":false,"pivot":{"x":1.8154374361038209,"y":0.4112917184829712,"z":-0.3684619665145874},"rotation":{"x":-0.18997344374656678,"y":0.305512398481369,"z":-0.06240072473883629,"w":-0.9309929609298706},"size":3.5540552139282228,"orthographic":false}